<?xml version="1.0"?>
<Item xmlns="http://www.hybrasyl.com/XML/Items">
  <Name>Stick</Name>
  <Properties>
    <Appearance Sprite="86" DisplaySprite="1" BodyStyle="Transparent"/>
    <Stackable Max="1"/>
    <Physical Value="100" Weight="3" Durability="1000" Perishable="false" Vendorable="false" Bound="false"/>
    <Equipment Slot="Weapon" Unique="false" WeaponType="OneHand"/>
    <StatModifiers>
      <Base Str="0" Con="0" Int="0" Wis="0" Dex="0" Hp="0" Mp="0"/>
      <Combat Hit="0" Dmg="0" Ac="0" Regen="0" Mr="0"/>
    </StatModifiers>
    <Flags>Depositable Tailorable Exchangeable</Flags>
    <Variants/>
    <Damage>
      <Small Min="4" Max="14"/>
      <Large Min="4" Max="14"/>
    </Damage>
    <Restrictions>
      <Level Min="1"/>
    </Restrictions>
  </Properties>
</Item>
