<?xml version="1.0"?>
<VariantGroup xmlns="http://www.hybrasyl.com/XML/Items">
  <Name>elemental</Name>
  <Variant>
    <Name>Fire</Name>
    <Modifier>Fire</Modifier>
    <Properties>
      <Flags>Depositable Exchangeable Vendorable</Flags>
      <Physical Value="400"/>
      <StatModifiers>
        <Element Offense="Fire" Defense="Fire"/>
      </StatModifiers>
    </Properties>
  </Variant>
  <Variant>
    <Name>Water</Name>
    <Modifier>Water</Modifier>
    <Properties>
      <Flags>Depositable Exchangeable Vendorable</Flags>
      <Physical Value="400"/>
      <StatModifiers>
        <Element Offense="Water" Defense="Water"/>
      </StatModifiers>
    </Properties>
  </Variant>
  <Variant>
    <Name>Wind</Name>
    <Modifier>Wind</Modifier>
    <Properties>
      <Flags>Depositable Exchangeable Vendorable</Flags>
      <Physical Value="400"/>
      <StatModifiers>
        <Element Offense="Wind" Defense="Wind"/>
      </StatModifiers>
    </Properties>
  </Variant>
  <Variant>
    <Name>Earth</Name>
    <Modifier>Earth</Modifier>
    <Properties>
      <Flags>Depositable Exchangeable Vendorable</Flags>
      <Physical Value="400"/>
      <StatModifiers>
        <Element Offense="Earth" Defense="Earth"/>
      </StatModifiers>
    </Properties>
  </Variant>
  <Variant>
    <Name>Light</Name>
    <Modifier>Light</Modifier>
    <Properties>
      <Flags>Depositable Exchangeable Vendorable</Flags>
      <Physical Value="1000"/>
      <StatModifiers>
        <Element Offense="Light" Defense="Light"/>
      </StatModifiers>
    </Properties>
  </Variant>
  <Variant>
    <Name>Shadow</Name>
    <Modifier>Shadow</Modifier>
    <Properties>
      <Flags>Depositable Exchangeable Vendorable</Flags>
      <Physical Value="1000"/>
      <StatModifiers>
        <Element Offense="Dark" Defense="Dark"/>
      </StatModifiers>
    </Properties>
  </Variant>
</VariantGroup>