<?xml version="1.0" encoding="utf-8"?>
<SpawnGroup xmlns="http://www.hybrasyl.com/XML/Creature" xmlns:loot="http://www.hybrasyl.com/XML/Loot">
  <Maps>
    <Map Name="Example Inn" MinSpawn="2" MaxSpawn="6" Limit="0" Interval="60"/>
  </Maps>
  <Spawns>
    <Spawn Base="Bee">
      <Respawn Max="0" Percentage="0"/>
      <Damage>
        <Small/>
        <Large/>
      </Damage>
      <Defense Ac="0"/>
      <Stats Hp="119" Level="1" Str="3" Int="3" Wis="3" Con="3" Dex="3"/>
      <Loot>
        <Set Name="LootImportExample" Chance="0.90" Rolls="1"/>
        <Table Rolls="1" Chance="0.80">
          <loot:Items Rolls="2" Chance="0.60">
            <loot:Items>
              <loot:Item>Stick</loot:Item>
            </loot:Items>
          </loot:Items>
          <loot:Gold Min="100" Max="200"/>
        </Table>
        <Xp Min="10" Max="20"/>
        <Gold Min="5" Max="10"/>
      </Loot>
    </Spawn>
  </Spawns>
</SpawnGroup>
