<?xml version="1.0"?>
<Map xmlns="http://www.hybrasyl.com/XML/Maps" Id="500" X="100" Y="100">
  <Name>Example Village</Name>
  <Warps>
    <Warp X="27" Y="43">
      <MapTarget X="5" Y="10">Example Inn</MapTarget>
    </Warp>
    <Warp X="32" Y="37">
      <MapTarget X="10" Y="2">Example Inn</MapTarget>
    </Warp>
    <Warp X="32" Y="38">
      <MapTarget X="10" Y="2">Example Inn</MapTarget>
    </Warp>
  </Warps>
  <Npcs>
    <Npc Name="Beggar" X="89" Y="49" Direction="2"/>
  </Npcs>
  <Signposts>
    <MessageBoard X="67" Y="17">
      <Name>Example Village Board</Name>
      <Description>Example Village community board</Description>
    </MessageBoard>
    <Signpost X="16" Y="71">
      <Message>Get your weapons here!</Message>
    </Signpost>
    <Signpost X="21" Y="64">
      <Message>Smithing, jewels, and armor.</Message>
    </Signpost>
    <Signpost X="21" Y="87">
      <Message>Trainer of all.</Message>
    </Signpost>
  </Signposts>
</Map>
