<?xml version="1.0"?>
<Map xmlns="http://www.hybrasyl.com/XML/Maps" Id="136" X="12" Y="12">
  <Name>Example Inn</Name>
  <Warps>
    <Warp X="5" Y="11">
      <MapTarget X="27" Y="44">Example Village</MapTarget>
    </Warp>
    <Warp X="6" Y="11">
      <MapTarget X="27" Y="44">Example Village</MapTarget>
    </Warp>
    <Warp X="11" Y="2">
      <MapTarget X="33" Y="37">Example Village</MapTarget>
    </Warp>
    <Warp X="11" Y="3">
      <MapTarget X="33" Y="37">Example Village</MapTarget>
    </Warp>
  </Warps>
  <Npcs>
    <Npc Name="Inn Keeper" X="3" Y="3" Direction="0"/>
  </Npcs>
</Map>
