<?xml version="1.0"?>
<Nation xmlns="http://www.hybrasyl.com/XML/Nations" Flag="4">
  <Name>Example Nation</Name>
  <Description>Example Nation</Description>
  <Default>true</Default>
  <SpawnPoints>
	  <SpawnPoint X="3" Y="7" MapName="Example Inn" />
	  <SpawnPoint X="3" Y="8" MapName="Example Inn" />
	  <SpawnPoint X="3" Y="9" MapName="Example Inn" />
	  <SpawnPoint X="4" Y="7" MapName="Example Inn" />
	  <SpawnPoint X="4" Y="8" MapName="Example Inn" />
	  <SpawnPoint X="4" Y="9" MapName="Example Inn" />
	  <SpawnPoint X="5" Y="7" MapName="Example Inn" />
	  <SpawnPoint X="5" Y="8" MapName="Example Inn" />
	  <SpawnPoint X="5" Y="9" MapName="Example Inn" />
	  <SpawnPoint X="6" Y="7" MapName="Example Inn" />
	  <SpawnPoint X="6" Y="8" MapName="Example Inn" />
	  <SpawnPoint X="6" Y="9" MapName="Example Inn" />
  </SpawnPoints>	
</Nation>
