<?xml version="1.0"?>
<Castable xmlns="http://www.hybrasyl.com/XML/Actions" Type="Skill" Icon="2" Book="PrimarySkill" Class="Monk Priest Wizard Warrior Rogue" Cooldown="1" IsAssail="true">
  <Name>Assail</Name>
  <Description>Strike a target. Shouldn't you already know this?</Description>
  <Categories>
    <Category>assail</Category>
  </Categories>
  <Intents>
    <Intent IsClick="0" MaxTargets="1" Radius="1" Direction="Front" Target="Hostile Pvp"/>
  </Intents>
  <MaxLevel Wizard="100" Priest="100" Warrior="100" Rogue="100" Monk="100"/>
  <IncrementUses>20</IncrementUses>
  <Requirements>
    <Level Min="1" Max="99"/>
    <Gold>10</Gold>
    <Physical Str="3" Int="3" Wis="3" Con="3" Dex="3" />
  </Requirements>
  <Effects>
    <Animations>
      <OnCast>
        <Motion Id="1" Speed="100"/>
      </OnCast>
    </Animations>
    <Sound Id="1"/>
    <Damage Type="Physical">
      <Flags>Threat</Flags>
      <Formula>($CASTERSTR*2.5+$CASTABLELEVEL)+5</Formula>
    </Damage>
  </Effects>
</Castable>
