<Status Duration="30" Tick="1" Icon="3" Name="Blind">
  <Category>Blind</Category>
  <ProhibitedMessage>You can't see well enough to do that!</ProhibitedMessage>
  <Effects>
    <OnApply>
      <Messages>
        <Target>The world goes dark!</Target>
      </Messages>
      <Conditions>
        <Set condition="Blind"/>
      </Conditions>
    </OnApply>
    <OnRemove>
      <Messages>
        <Target>You can see again.</Target>
      </Messages>
      <Conditions>
        <UnSet condition="Blind"/>
      </Conditions>
    </OnRemove>
  </Effects>
</Status>
