<Status Duration="30" Tick="1" Icon="97" Name="Poison">
  <Category>Poison</Category>
  <ProhibitedMessage>You double over in pain!</ProhibitedMessage>
  <CastRestrictions Use="Heal" Receive="Heal"/>
  <Effects>
    <OnApply>
      <Messages>
        <Target>Poison</Target>
      </Messages>
      <Conditions>
        <Set condition="Poison"/>
      </Conditions>
    </OnApply>
    <OnTick>
      <Animations>
	<Target Id="25"/>
      </Animations>
      <Damage>
 	<Flags>Nonlethal</Flags>
        <Simple>50</Simple>
      </Damage>
      <Messages>
        <Target>You are poisoned.</Target>
      </Messages>
    </OnTick>
    <OnRemove>
      <Messages>
        <Target>You feel better.</Target>
      </Messages>
      <Conditions>
        <UnSet condition="Poison"/>
      </Conditions>
    </OnRemove>
  </Effects>
</Status>
