<Status Duration="30" Tick="1" Icon="2" Name="Sleep">
  <Category>Sleep</Category>
  <ProhibitedMessage>You are too sleepy to even raise your hands!</ProhibitedMessage>
  <Effects>
    <OnApply>
      <Conditions>
        <Set condition="Sleep"/>
      </Conditions>
      <Messages>
        <Target>You are asleep.</Target>
      </Messages>
    </OnApply>
    <OnTick>
      <Animations>
	<Target Id="28"/>
      </Animations>
    </OnTick>
    <OnRemove>
      <Conditions>
        <UnSet condition="Sleep"/>
      </Conditions>
      <Messages>
        <Target>You awaken.</Target>
      </Messages>
    </OnRemove>
  </Effects>
</Status>
