﻿<?xml version="1.0" encoding="utf-8"?>
<LootSet Name="LootImportExample" xmlns="http://www.hybrasyl.com/XML/Loot">
  <Table Rolls="1" Chance="0.50">
    <Items Rolls="2" Chance="0.80">
      <Items>
        <Item>Stick</Item>
      </Items>
    </Items>
    <Gold Min="100" Max="200"/>
  </Table>
  <Table Rolls="1" Chance="0.60">
    <Items Rolls="1" Chance="1.00">
      <Items>
        <Item>Stick</Item>
      </Items>
    </Items>
    <Gold Min="1000" Max="2000"/>
  </Table>
</LootSet>